{
  "project_info": {
    "project_number": "493428747997",
    "project_id": "universityattendanceapp-c2c16",
    "storage_bucket": "universityattendanceapp-c2c16.appspot.com"
  },
  "client": [
    {
      "client_info": {
        "mobilesdk_app_id": "1:493428747997:android:6971f5dc083efaf48d7534",
        "android_client_info": {
          "package_name": "com.sajan.universityattendanceapp"
        }
      },
      "oauth_client": [],
      "api_key": [
        {
          "current_key": "AIzaSyBzXhbMgRjL-S3JwRn9Yt8jzt4EHeBZnco"
        }
      ],
      "services": {
        "appinvite_service": {
          "other_platform_oauth_client": []
        }
      }
    }
  ],
  "configuration_version": "1"
}